ID,Category,Topic
1,Technology,The Future of Artificial Intelligence in Daily Life
2,Technology,How Blockchain is Changing the Finance Industry
3,Technology,The Ethics of AI and Machine Learning
4,Technology,The Rise of Quantum Computing
5,Technology,How 5G Will Transform Smart Cities
6,Technology,Cybersecurity Best Practices for Small Businesses
7,Technology,The Role of Augmented Reality in Education
8,Technology,How Cloud Computing is Changing Business Operations
9,Technology,The Evolution of Smartphones Over the Last Decade
10,Technology,The Impact of IoT on Home Automation
11,Health & Wellness,How to Boost Your Immune System Naturally
12,Health & Wellness,The Benefits of Intermittent Fasting
13,Health & Wellness,How to Reduce Stress Through Meditation
14,Health & Wellness,The Science Behind Good Sleep
15,Health & Wellness,The Best Workouts for Weight Loss
16,Health & Wellness,How Gut Health Affects Mental Health
17,Health & Wellness,The Importance of Hydration for Overall Health
18,Health & Wellness,How to Improve Your Posture and Avoid Back Pain
19,Health & Wellness,The Dangers of Processed Foods
20,Health & Wellness,Natural Remedies for Common Ailments
21,Business & Finance,The Top Investment Strategies for Beginners
22,Business & Finance,How to Start a Profitable Side Hustle
23,Business & Finance,The Psychology Behind Consumer Spending
24,Business & Finance,The Benefits of Diversifying Your Income Streams
25,Business & Finance,How to Build a Personal Brand Online
26,Business & Finance,The Future of Remote Work and Digital Nomadism
27,Business & Finance,How to Manage Debt Effectively
28,Business & Finance,The Importance of Financial Literacy
29,Business & Finance,How to Negotiate a Higher Salary
30,Business & Finance,The Role of AI in Modern Businesses
31,Marketing & Social Media,How to Use SEO to Boost Your Website Traffic
32,Marketing & Social Media,The Future of Influencer Marketing
33,Marketing & Social Media,How to Build an Engaged Email List
34,Marketing & Social Media,The Power of Storytelling in Marketing
35,Marketing & Social Media,How to Create Viral Content on TikTok
36,Marketing & Social Media,The Best Social Media Strategies for Small Businesses
37,Marketing & Social Media,The Role of AI in Content Creation
38,Marketing & Social Media,How to Monetize Your Blog Successfully
39,Marketing & Social Media,The Importance of Branding in Digital Marketing
40,Marketing & Social Media,The Rise of Podcast Marketing
41,Education & Self-Improvement,The Benefits of Lifelong Learning
42,Education & Self-Improvement,How to Develop a Growth Mindset
43,Education & Self-Improvement,The Power of Journaling for Mental Clarity
44,Education & Self-Improvement,How to Learn a New Language Fast
45,Education & Self-Improvement,The Science of Habit Formation
46,Education & Self-Improvement,How to Improve Your Public Speaking Skills
47,Education & Self-Improvement,The Benefits of Reading Books Daily
48,Education & Self-Improvement,How to Set SMART Goals for Success
49,Education & Self-Improvement,How to Overcome Procrastination
50,Education & Self-Improvement,The Role of Emotional Intelligence in Leadership
51,Science & Nature,The Importance of Biodiversity for the Planet
52,Science & Nature,How Space Exploration Benefits Humanity
53,Science & Nature,The Science Behind Climate Change
54,Science & Nature,How CRISPR is Revolutionizing Genetics
55,Science & Nature,The Mysteries of Deep-Sea Creatures
56,Science & Nature,The Role of Bees in the Ecosystem
57,Science & Nature,The Physics Behind Black Holes
58,Science & Nature,How Renewable Energy is Changing the World
59,Science & Nature,The Future of Sustainable Agriculture
60,Science & Nature,The Impact of Deforestation on Global Warming
61,Personal Development,How to Build Self-Discipline
62,Personal Development,The Power of Positive Thinking
63,Personal Development,How to Develop Mental Toughness
64,Personal Development,How to Improve Your Time Management Skills
65,Personal Development,The Role of Gratitude in Happiness
66,Personal Development,How to Build a Strong Morning Routine
67,Personal Development,The Importance of Self-Care in Daily Life
68,Personal Development,How to Strengthen Your Relationships
69,Personal Development,How to Overcome Fear and Self-Doubt
70,Personal Development,The Benefits of Volunteering for Personal Growth
71,Technology & Gadgets,The Best Smart Home Gadgets of the Year
72,Technology & Gadgets,How Wearable Tech is Changing Healthcare
73,Technology & Gadgets,The Pros and Cons of Electric Vehicles
74,Technology & Gadgets,How Drones are Revolutionizing Different Industries
75,Technology & Gadgets,The Rise of AI Chatbots in Customer Service
76,Technology & Gadgets,The Future of Smart Glasses
77,Technology & Gadgets,How Biometric Security is Enhancing Digital Safety
78,Technology & Gadgets,The Role of Virtual Reality in the Gaming Industry
79,Technology & Gadgets,How 3D Printing is Changing Manufacturing
80,Technology & Gadgets,The Best Budget Laptops for Students
81,Travel,Top 10 Hidden Travel Destinations Around the World
82,Travel,How to Travel on a Budget: Tips and Tricks
83,Travel,The Best Road Trips in North America
84,Travel,Exploring the Wonders of Southeast Asia
85,Travel,The Most Scenic Train Journeys in Europe
86,Travel,Traveling Solo: Safety and Adventure Tips
87,Travel,Cultural Etiquette: Do’s and Don’ts Around the World
88,Travel,How to Pack Light for Long-Term Travel
89,Travel,The Rise of Eco-Tourism and Sustainable Travel
90,Travel,How to Document Your Travels Through Photography
91,Entertainment,The Evolution of Superhero Movies
92,Entertainment,How Streaming Services Are Changing TV
93,Entertainment,Behind the Scenes of a Blockbuster Film
94,Entertainment,The History of Video Game Development
95,Entertainment,The Impact of Social Media on Celebrity Culture
96,Entertainment,The Revival of Vinyl Records in Music
97,Entertainment,The Future of Virtual Concerts
98,Entertainment,How Reality TV Shapes Public Opinion
99,Entertainment,The Best Independent Films of the Year
100,Entertainment,The Influence of Anime on Global Pop Culture
101,Lifestyle,Minimalism: How to Declutter Your Life
102,Lifestyle,The Art of Slow Living
103,Lifestyle,How to Create a Cozy Home Environment
104,Lifestyle,Trends in Sustainable Fashion
105,Lifestyle,The Benefits of a Plant-Based Diet
106,Lifestyle,How to Cultivate a Mindful Daily Routine
107,Lifestyle,The Impact of Digital Detox on Mental Health
108,Lifestyle,How to Grow Your Own Urban Garden
109,Lifestyle,Trends in Home Decor for 2025
110,Lifestyle,The Evolution of Work-Life Balance
111,Environment,The Impact of Plastic Pollution on Oceans
112,Environment,Innovative Solutions for Renewable Energy
113,Environment,How Urban Farming is Changing Cities
114,Environment,The Future of Electric Public Transportation
115,Environment,The Role of National Parks in Conservation
116,Environment,How Climate Change is Affecting Wildlife
117,Environment,Innovations in Sustainable Packaging
118,Environment,The Importance of Water Conservation
119,Environment,How to Live a Zero-Waste Lifestyle
120,Environment,The Impact of Air Pollution on Urban Areas
121,History,Lessons from Ancient Civilizations
122,History,How World War II Shaped the Modern World
123,History,The Rise and Fall of Empires
124,History,The Impact of the Industrial Revolution
125,History,Unsung Heroes of History
126,History,The Evolution of Democracy Through the Ages
127,History,Historical Landmarks and Their Stories
128,History,The Role of Women in Historical Movements
129,History,How the Cold War Influenced Global Politics
130,History,The History of Art and Its Cultural Impact
131,Sports,The Evolution of the Olympic Games
132,Sports,How Technology is Changing Sports Training
133,Sports,The Impact of Sports on Community Building
134,Sports,The Rise of Esports and Competitive Gaming
135,Sports,Profiles of Legendary Athletes
136,Sports,The Business Side of Professional Sports
137,Sports,Innovative Training Methods in Modern Sports
138,Sports,How Sports Psychology Boosts Performance
139,Sports,The Future of Women in Sports
140,Sports,How to Prevent Sports Injuries Effectively
141,Food & Drink,Exploring the World of Craft Beverages
142,Food & Drink,The Rise of Farm-to-Table Restaurants
143,Food & Drink,How to Cook Authentic Ethnic Cuisine
144,Food & Drink,The Secrets of Perfect Baking
145,Food & Drink,Innovative Trends in Vegan Cooking
146,Food & Drink,How to Start a Food Blog Successfully
147,Food & Drink,The Art of Pairing Wine and Food
148,Food & Drink,Exploring Traditional Street Foods
149,Food & Drink,The Future of Sustainable Food Production
150,Food & Drink,How to Master Home Brewing Techniques
151,Personal Finance,Strategies for Effective Budgeting
152,Personal Finance,How to Build an Emergency Fund
153,Personal Finance,Understanding Credit Scores and Their Impact
154,Personal Finance,The Basics of Investing in Stocks
155,Personal Finance,How to Save Money on Everyday Expenses
156,Personal Finance,The Benefits of Automated Savings Apps
157,Personal Finance,How to Plan for Early Retirement
158,Personal Finance,Understanding Cryptocurrency Investments
159,Personal Finance,The Role of Financial Advisors in Wealth Management
160,Personal Finance,How to Create a Debt-Reduction Plan
161,Parenting,Modern Parenting Techniques in a Digital Age
162,Parenting,How to Encourage Healthy Eating Habits in Kids
163,Parenting,The Importance of Outdoor Play for Children
164,Parenting,Strategies for Balancing Work and Family Life
165,Parenting,The Impact of Screen Time on Child Development
166,Parenting,Creative Learning Activities for Home
167,Parenting,How to Handle Teenagers’ Emotional Challenges
168,Parenting,The Role of Fathers in Modern Parenting
169,Parenting,How to Prepare Your Child for School Transitions
170,Parenting,The Benefits of Multicultural Education at Home
171,Travel,The Ultimate Guide to Backpacking Through Europe
172,Travel,How to Travel Sustainably and Responsibly
173,Travel,The Best City Breaks for a Weekend Getaway
174,Travel,Exploring National Parks Around the World
175,Travel,How to Find the Cheapest Flights Online
176,Travel,Traveling With Pets: Tips and Tricks
177,Travel,The Best Travel Apps for Modern Explorers
178,Travel,How to Plan a Cross-Country Road Trip
179,Travel,The Most Photogenic Destinations Around the Globe
180,Travel,How to Experience Local Cultures When Traveling
181,Technology,The Role of Machine Learning in Cybersecurity
182,Technology,How Virtual Assistants Are Transforming Daily Life
183,Technology,The Future of Edge Computing
184,Technology,How Smart Cities Use Data to Improve Lives
185,Technology,The Rise of Autonomous Vehicles
186,Technology,The Impact of Technology on Mental Health
187,Technology,Innovative Robotics in Manufacturing
188,Technology,How Fintech is Disrupting Traditional Banking
189,Technology,The Future of Wearable Health Monitors
190,Technology,How Technology is Shaping the Future of Education
191,Health & Wellness,The Science of Mindfulness Meditation
192,Health & Wellness,How to Create a Balanced Diet Plan
193,Health & Wellness,The Impact of Exercise on Brain Health
194,Health & Wellness,The Benefits of Yoga for Stress Relief
195,Health & Wellness,How to Stay Motivated for Daily Exercise
196,Health & Wellness,Understanding Mental Health in the Workplace
197,Health & Wellness,The Link Between Nutrition and Skin Health
198,Health & Wellness,How to Combat Seasonal Affective Disorder
199,Health & Wellness,The Role of Supplements in a Healthy Diet
200,Health & Wellness,How to Create a Personalized Fitness Routine
201,Business & Finance,How to Write a Business Plan That Works
202,Business & Finance,Understanding the Basics of Venture Capital
203,Business & Finance,The Importance of Networking in Business
204,Business & Finance,How to Scale Your Startup Successfully
205,Business & Finance,Effective Leadership in Small Businesses
206,Business & Finance,The Role of Social Media in Business Growth
207,Business & Finance,How to Build a Customer-Centric Business
208,Business & Finance,Strategies for Managing Business Cash Flow
209,Business & Finance,How to Leverage Data for Business Decisions
210,Business & Finance,The Future of Fintech in Global Markets
211,Marketing & Social Media,How to Create a Winning Digital Marketing Strategy
212,Marketing & Social Media,Leveraging User-Generated Content for Brand Growth
213,Marketing & Social Media,The Role of Analytics in Social Media Marketing
214,Marketing & Social Media,How to Optimize Your Content for Search Engines
215,Marketing & Social Media,Effective Social Media Campaigns for Startups
216,Marketing & Social Media,How to Use Influencer Collaborations to Expand Reach
217,Marketing & Social Media,The Evolution of Digital Advertising Techniques
218,Marketing & Social Media,How to Measure the ROI of Social Media Marketing
219,Marketing & Social Media,Emerging Trends in Mobile Marketing
220,Marketing & Social Media,How to Build a Loyal Online Community
221,Education & Self-Improvement,How to Create an Effective Study Routine
222,Education & Self-Improvement,The Benefits of Online Learning Platforms
223,Education & Self-Improvement,How to Develop Critical Thinking Skills
224,Education & Self-Improvement,The Best Strategies for Exam Preparation
225,Education & Self-Improvement,How to Balance Work, Life, and Learning
226,Education & Self-Improvement,Techniques for Speed Reading and Retention
227,Education & Self-Improvement,How to Use Mind Maps for Learning
228,Education & Self-Improvement,The Importance of Lifelong Curiosity
229,Education & Self-Improvement,How to Build a Personal Learning Plan
230,Education & Self-Improvement,Strategies for Self-Motivated Learning
231,Science & Nature,The Role of Nanotechnology in Medicine
232,Science & Nature,How Climate Change is Affecting Global Ecosystems
233,Science & Nature,The Impact of Microplastics on Marine Life
234,Science & Nature,How Advances in Biotechnology are Saving Lives
235,Science & Nature,The Fascinating World of Particle Physics
236,Science & Nature,The Future of Space Tourism
237,Science & Nature,How Natural Disasters Affect Human Societies
238,Science & Nature,The Science Behind Natural Phenomena
239,Science & Nature,Exploring the Wonders of the Animal Kingdom
240,Science & Nature,How Technology is Advancing Environmental Science
241,Personal Development,How to Build Resilience in Tough Times
242,Personal Development,Techniques for Effective Goal Setting
243,Personal Development,How to Cultivate a Growth Mindset Daily
244,Personal Development,The Role of Self-Reflection in Personal Growth
245,Personal Development,How to Turn Failures into Opportunities
246,Personal Development,Strategies for Building Confidence and Self-Esteem
247,Personal Development,How to Develop a Consistent Morning Ritual
248,Personal Development,The Importance of Self-Awareness for Success
249,Personal Development,How to Develop Effective Problem-Solving Skills
250,Personal Development,The Role of Mindfulness in Personal Growth
251,Technology,How Voice Recognition is Changing User Interfaces
252,Technology,The Impact of Big Data on Everyday Life
253,Technology,Innovative Uses of Virtual Reality Beyond Gaming
254,Technology,The Future of Smart Wearables in Health
255,Technology,How Data Privacy is Shaping Tech Innovations
256,Technology,The Role of Tech Startups in Shaping the Future
257,Technology,How Open Source Software Drives Innovation
258,Technology,The Future of Robotics in Service Industries
259,Technology,How Edge AI is Enhancing Real-Time Analytics
260,Technology,The Convergence of AI and IoT in Modern Homes
261,Health & Wellness,How to Develop a Holistic Health Routine
262,Health & Wellness,The Benefits of Mindful Eating Practices
263,Health & Wellness,Understanding the Impact of Stress on the Body
264,Health & Wellness,How to Balance Hormones Naturally
265,Health & Wellness,The Benefits of Regular Health Screenings
266,Health & Wellness,How to Combat Inflammation Through Diet
267,Health & Wellness,The Role of Exercise in Mental Health
268,Health & Wellness,How to Create a Sustainable Meal Plan
269,Health & Wellness,The Connection Between Sleep and Health
270,Health & Wellness,How to Use Meditation to Improve Focus
271,Business & Finance,How to Create a Scalable Business Model
272,Business & Finance,Strategies for Effective Business Communication
273,Business & Finance,How to Build a Winning Corporate Culture
274,Business & Finance,The Role of Innovation in Business Growth
275,Business & Finance,How to Use Analytics to Drive Sales
276,Business & Finance,Strategies for Sustainable Business Practices
277,Business & Finance,The Future of Global Trade and Economics
278,Business & Finance,How to Create a Business Continuity Plan
279,Business & Finance,The Importance of Customer Relationship Management
280,Business & Finance,How to Adapt Your Business in a Digital Age
281,Marketing & Social Media,How to Craft a Compelling Brand Narrative
282,Marketing & Social Media,The Impact of Video Marketing on Engagement
283,Marketing & Social Media,How to Optimize Content for Social Sharing
284,Marketing & Social Media,Effective Tactics for Local SEO Success
285,Marketing & Social Media,How to Create a Social Media Content Calendar
286,Marketing & Social Media,The Role of Data in Influencer Marketing
287,Marketing & Social Media,How to Use Analytics for Campaign Optimization
288,Marketing & Social Media,The Importance of Consistent Online Branding
289,Marketing & Social Media,How to Leverage Live Streaming for Business
290,Marketing & Social Media,Emerging Trends in Social Commerce
291,Education & Self-Improvement,How to Develop Effective Study Habits
292,Education & Self-Improvement,The Benefits of Collaborative Learning
293,Education & Self-Improvement,How to Master Public Speaking
294,Education & Self-Improvement,Techniques for Enhancing Memory Retention
295,Education & Self-Improvement,How to Learn New Skills Quickly
296,Education & Self-Improvement,The Power of Peer-to-Peer Learning
297,Education & Self-Improvement,How to Overcome Learning Plateaus
298,Education & Self-Improvement,The Role of Mentorship in Skill Development
299,Education & Self-Improvement,How to Create an Effective Learning Environment
300,Education & Self-Improvement,Strategies for Balancing Study and Work
301,Science & Nature,How the Human Brain Adapts to New Information
302,Science & Nature,The Role of Genetics in Disease Prevention
303,Science & Nature,How Environmental Changes Affect Wildlife Behavior
304,Science & Nature,The Future of Renewable Energy Technologies
305,Science & Nature,Understanding the Science of Weather Patterns
306,Science & Nature,How Scientific Discoveries Change Our World
307,Science & Nature,The Role of Marine Biology in Conservation
308,Science & Nature,How Astronomy Inspires Technological Innovation
309,Science & Nature,The Intersection of Science and Art
310,Science & Nature,How Citizen Science Projects are Making a Difference
311,Personal Development,The Importance of Setting Daily Intentions
312,Personal Development,How to Develop a Mindful Evening Routine
313,Personal Development,Techniques for Overcoming Self-Sabotage
314,Personal Development,The Role of Mentorship in Personal Growth
315,Personal Development,How to Create a Personal Vision Board
316,Personal Development,Strategies for Managing Work-Life Stress
317,Personal Development,The Power of Self-Reflection Journals
318,Personal Development,How to Build a Supportive Community
319,Personal Development,The Benefits of Taking Regular Digital Breaks
320,Personal Development,How to Cultivate Patience in a Fast-Paced World
321,Travel,The Best Off-the-Beaten-Path Destinations in Asia
322,Travel,How to Plan a Luxury Vacation on a Budget
323,Travel,The Ultimate Guide to Solo Female Travel
324,Travel,How to Experience Adventure Travel Safely
325,Travel,The Most Unique Cultural Festivals Around the World
326,Travel,How to Travel with a Family: Tips and Tricks
327,Travel,The Best Apps for Travel Planning and Navigation
328,Travel,How to Create a Travel Itinerary That Works
329,Travel,The Impact of Tourism on Local Economies
330,Travel,How to Travel During Peak Seasons Without Stress
331,Entertainment,The Future of Interactive Television
332,Entertainment,How Podcasts are Revolutionizing Storytelling
333,Entertainment,The History of Stand-Up Comedy
334,Entertainment,How Music Festivals Influence Pop Culture
335,Entertainment,The Role of Social Media in Music Discovery
336,Entertainment,How to Start Your Own Web Series
337,Entertainment,The Revival of Retro Gaming in Modern Culture
338,Entertainment,How Biopics Are Changing Cinema Narratives
339,Entertainment,The Impact of Reality TV on Society
340,Entertainment,The Future of Immersive Theater Experiences
341,Lifestyle,How to Create a Balanced Work-Life Environment
342,Lifestyle,The Secrets Behind a Minimalist Lifestyle
343,Lifestyle,How to Redesign Your Home on a Budget
344,Lifestyle,The Benefits of DIY Home Projects
345,Lifestyle,How to Develop a Signature Personal Style
346,Lifestyle,The Influence of Social Media on Lifestyle Trends
347,Lifestyle,How to Build a Capsule Wardrobe
348,Lifestyle,The Art of Hosting Memorable Dinner Parties
349,Lifestyle,How to Create a Sustainable Living Space
350,Lifestyle,Trends in Urban Living for the Modern Age
351,Environment,The Impact of Global Warming on Local Ecosystems
352,Environment,How to Advocate for Environmental Justice
353,Environment,Innovative Recycling Programs Around the World
354,Environment,The Role of Green Architecture in Sustainability
355,Environment,How to Reduce Your Carbon Footprint Daily
356,Environment,The Future of Electric Transportation
357,Environment,How Urban Areas Can Improve Air Quality
358,Environment,The Importance of Renewable Energy Adoption
359,Environment,How to Organize Community Clean-Up Initiatives
360,Environment,The Impact of Deforestation on Indigenous Cultures
361,History,The Untold Stories of Medieval Europe
362,History,How Ancient Inventions Shaped Modern Technology
363,History,The Influence of the Renaissance on Modern Art
364,History,How the Silk Road Connected the World
365,History,The Impact of Colonialism on Today’s Societies
366,History,How Historical Myths and Legends Are Born
367,History,The Role of Propaganda in Historical Conflicts
368,History,How the Printing Press Changed Human Communication
369,History,The Evolution of Political Systems Throughout History
370,History,How Archaeology is Uncovering Lost Civilizations
371,Sports,How Data Analytics is Transforming Sports Strategies
372,Sports,The Impact of Social Media on Professional Sports
373,Sports,How Extreme Sports are Gaining Popularity
374,Sports,The Role of Nutrition in Athletic Performance
375,Sports,How Technology is Enhancing Sports Broadcasting
376,Sports,The Future of Virtual Reality in Sports Training
377,Sports,How Sports Sponsorships Affect Global Brands
378,Sports,The Evolution of Women’s Sports in the 21st Century
379,Sports,How Minor League Systems Develop Future Stars
380,Sports,The Psychology Behind Team Sports Success
381,Food & Drink,The Evolution of Global Street Food
382,Food & Drink,How Food Trucks are Changing Urban Dining
383,Food & Drink,The Art of Craft Cocktail Creation
384,Food & Drink,How to Start a Successful Food Startup
385,Food & Drink,The Future of Alternative Protein Sources
386,Food & Drink,How Global Cuisines Influence Modern Cooking
387,Food & Drink,The Secrets Behind Artisan Bread Making
388,Food & Drink,How to Create the Perfect Home Restaurant
389,Food & Drink,The Rise of Molecular Gastronomy in Restaurants
390,Food & Drink,How to Master the Art of Coffee Brewing
391,Personal Finance,How to Create a Financial Roadmap for the Future
392,Personal Finance,The Best Budgeting Apps for Modern Consumers
393,Personal Finance,How to Invest in Real Estate with Little Money
394,Personal Finance,Strategies for Building Long-Term Wealth
395,Personal Finance,The Impact of Inflation on Personal Savings
396,Personal Finance,How to Save for a Major Life Event
397,Personal Finance,Understanding the Basics of Mutual Funds
398,Personal Finance,How to Transition from Debt to Savings
399,Personal Finance,The Role of Passive Income in Financial Freedom
400,Personal Finance,How to Evaluate Your Financial Health
401,Parenting,How to Raise Resilient Children in a Digital Age
402,Parenting,The Importance of Emotional Intelligence in Parenting
403,Parenting,Creative Ways to Encourage Reading in Kids
404,Parenting,How to Manage Screen Time for Children Effectively
405,Parenting,The Role of Outdoor Play in Child Development
406,Parenting,How to Teach Kids About Money Management
407,Parenting,The Impact of Family Meals on Child Behavior
408,Parenting,How to Foster Creativity in Young Minds
409,Parenting,The Benefits of Multilingual Education at Home
410,Parenting,How to Handle Peer Pressure in School-Aged Children
411,Travel,How to Explore National Heritage Sites Around the World
412,Travel,The Ultimate Guide to Traveling by Train
413,Travel,How to Plan a Multi-Country European Tour
414,Travel,The Best Budget-Friendly Destinations in South America
415,Travel,How to Experience Rural Tourism in Developing Countries
416,Travel,The Role of Technology in Modern Travel Planning
417,Travel,How to Create a Custom Travel Itinerary
418,Travel,The Best Cultural Tours in Africa
419,Travel,How to Find Authentic Local Experiences When Traveling
420,Travel,Tips for Traveling During Off-Peak Seasons
421,Entertainment,How Streaming Wars are Reshaping the TV Industry
422,Entertainment,The Role of Social Media in Film Marketing
423,Entertainment,How to Produce a Low-Budget Indie Film
424,Entertainment,The History of Animation in Cinema
425,Entertainment,How Music Videos Evolve with Technology
426,Entertainment,The Future of Interactive Storytelling in Games
427,Entertainment,How Biopics Influence Public Perception of History
428,Entertainment,The Rise of International Cinema in Hollywood
429,Entertainment,How Virtual Reality is Changing the Concert Experience
430,Entertainment,The Impact of Award Shows on Celebrity Culture
431,Lifestyle,The Benefits of a Digital Detox Retreat
432,Lifestyle,How to Create a Personal Wellness Sanctuary at Home
433,Lifestyle,Trends in Eco-Friendly Fashion for Modern Consumers
434,Lifestyle,How to Balance a Busy Lifestyle with Self-Care
435,Lifestyle,The Role of Hobbies in Reducing Stress
436,Lifestyle,How to Develop a Signature Home Cooking Style
437,Lifestyle,The Art of Mindful Living in a Busy World
438,Lifestyle,How to Build a Personal Brand Through Lifestyle Choices
439,Lifestyle,The Future of Remote Work and Home Design
440,Lifestyle,How to Incorporate Wellness into Daily Routines
441,Environment,The Impact of Urbanization on Natural Resources
442,Environment,Innovative Approaches to Reducing Carbon Emissions
443,Environment,How to Advocate for Climate Action Locally
444,Environment,The Future of Eco-Friendly Transportation
445,Environment,How to Build a Sustainable Community Garden
446,Environment,The Role of Technology in Environmental Conservation
447,Environment,How to Promote Renewable Energy in Your Community
448,Environment,The Impact of Fast Fashion on the Environment
449,Environment,How to Embrace a Zero-Waste Lifestyle
450,Environment,Innovative Environmental Policies Around the World
451,History,How the Ancient World Influenced Modern Society
452,History,The Impact of the Industrial Revolution on Daily Life
453,History,How the Great Migrations Shaped World History
454,History,The Role of Religion in Historical Conflicts
455,History,How the Discovery of the New World Changed History
456,History,The Influence of Historical Trade Routes on Culture
457,History,How Modern Technology is Rewriting Ancient History
458,History,The Impact of Historical Pandemics on Society
459,History,How Historical Narratives Are Shaped by Media
460,History,The Role of Innovation in Historical Progress
461,Sports,How Analytics is Revolutionizing Professional Sports
462,Sports,The Future of Sports Medicine and Injury Prevention
463,Sports,How Sports Sponsorships Drive Global Marketing
464,Sports,The Impact of Social Media on Athlete Branding
465,Sports,How Technological Advancements are Changing Sports Training
466,Sports,The Evolution of Fan Engagement in Sports
467,Sports,How Esports is Gaining Mainstream Acceptance
468,Sports,The Role of Nutrition in Elite Athletic Performance
469,Sports,How to Foster Team Spirit in Youth Sports
470,Sports,The History of the World’s Most Popular Sports
471,Food & Drink,How Global Food Trends are Shaping Culinary Culture
472,Food & Drink,The Rise of Sustainable and Organic Farming
473,Food & Drink,How to Master International Cuisine at Home
474,Food & Drink,The Art and Science of Food Presentation
475,Food & Drink,How Local Ingredients Inspire Culinary Creativity
476,Food & Drink,The Evolution of Gourmet Food Trucks
477,Food & Drink,How Technology is Changing the Restaurant Industry
478,Food & Drink,The Future of Food Delivery Services
479,Food & Drink,How to Create a Farm-to-Table Dining Experience
480,Food & Drink,The Influence of Social Media on Food Trends
481,Personal Finance,How to Build Credit from Scratch
482,Personal Finance,The Benefits of Financial Automation
483,Personal Finance,How to Choose the Right Investment Platform
484,Personal Finance,The Impact of Student Loans on Future Finances
485,Personal Finance,How to Navigate the World of Personal Insurance
486,Personal Finance,Strategies for Maximizing Your Tax Refund
487,Personal Finance,How to Plan a Budget-Friendly Vacation
488,Personal Finance,The Importance of Diversified Investment Portfolios
489,Personal Finance,How to Prepare for Financial Emergencies
490,Personal Finance,The Basics of Cryptocurrency Trading
491,Parenting,How to Build a Nurturing Home Environment for Kids
492,Parenting,The Role of Play in Child Development
493,Parenting,How to Talk to Your Kids About Current Events
494,Parenting,Strategies for Encouraging Healthy Social Interactions in Children
495,Parenting,How to Foster Independent Thinking in Kids
496,Parenting,The Impact of Music on Child Development
497,Parenting,How to Encourage a Love for Reading in Children
498,Parenting,Creative DIY Projects for Family Bonding
499,Parenting,How to Help Children Develop Empathy
500,Parenting,The Benefits of Family Volunteering Activities
501,Travel,How to Explore Hidden Gems in Your Own City
502,Travel,The Ultimate Guide to International Backpacking
503,Travel,How to Experience Cultural Immersion While Traveling
504,Travel,The Best Destinations for Adventure Seekers
505,Travel,How to Travel Sustainably on a Tight Budget
506,Travel,The Role of Social Media in Modern Travel
507,Travel,How to Plan a Multi-Generational Family Vacation
508,Travel,The Impact of Global Events on Travel Trends
509,Travel,How to Find the Perfect Travel Accommodation
510,Travel,The Future of Space Tourism for the Adventurous
511,Entertainment,How to Create a Podcast That Resonates With Listeners
512,Entertainment,The Impact of Streaming Services on Independent Films
513,Entertainment,How Reality TV is Evolving in the Digital Age
514,Entertainment,The Role of Music in Shaping Social Movements
515,Entertainment,How to Use Social Media to Launch a Creative Career
516,Entertainment,The History of Cult Classic Movies
517,Entertainment,How to Break into the World of Stand-Up Comedy
518,Entertainment,The Future of Augmented Reality in Live Events
519,Entertainment,How to Write a Compelling Film Script
520,Entertainment,The Evolution of Interactive Gaming Experiences
521,Lifestyle,How to Build a Daily Mindfulness Practice
522,Lifestyle,The Secrets of a Well-Organized Home Office
523,Lifestyle,How to Transform Your Living Space on a Budget
524,Lifestyle,The Role of Art in Enhancing Daily Life
525,Lifestyle,How to Embrace a More Sustainable Lifestyle
526,Lifestyle,The Benefits of Creating a Home Sanctuary
527,Lifestyle,How to Develop a Personal Style That Reflects You
528,Lifestyle,The Impact of Social Media on Lifestyle Choices
529,Lifestyle,How to Build a Creative Home Environment
530,Lifestyle,Trends in Urban Living for the Next Decade
531,Environment,How Cities Can Become More Environmentally Friendly
532,Environment,Innovative Urban Green Spaces Around the World
533,Environment,The Role of Technology in Fighting Climate Change
534,Environment,How to Transition to Renewable Energy at Home
535,Environment,The Future of Sustainable Urban Planning
536,Environment,How to Reduce Household Waste Effectively
537,Environment,The Impact of Global Warming on Agriculture
538,Environment,How to Build a Community-Based Recycling Program
539,Environment,Innovative Environmental Education Initiatives
540,Environment,The Role of Legislation in Environmental Protection
541,History,How Historical Landmarks Influence Local Culture
542,History,The Impact of Historical Figures on Modern Politics
543,History,How Wars Have Shaped National Boundaries
544,History,The Role of Technology in Historical Research
545,History,How Ancient Traditions Survive in Modern Times
546,History,The Evolution of Art Through the Ages
547,History,How Historic Events are Portrayed in Modern Media
548,History,The Influence of Historical Literature on Society
549,History,How Political Revolutions Have Transformed Nations
550,History,The Role of Trade in the Rise of Civilizations
551,Sports,How Fitness Trends are Changing Sports Training
552,Sports,The Impact of Social Media on Sports Fandom
553,Sports,How Sports Analytics are Revolutionizing Team Strategies
554,Sports,The Future of Mixed Martial Arts in Global Sports
555,Sports,How Traditional Sports are Adapting to Modern Times
556,Sports,The Role of Technology in Improving Athlete Performance
557,Sports,How Sports Medicine is Preventing Injuries
558,Sports,The Evolution of Competitive Gaming and Esports
559,Sports,How Fan Engagement is Changing the Sports Landscape
560,Sports,The Psychology Behind Championship Wins
561,Food & Drink,How Global Food Culture is Evolving
562,Food & Drink,The Role of Fusion Cuisine in Modern Cooking
563,Food & Drink,How to Host an International Dinner Party
564,Food & Drink,The Impact of Social Media on Food Trends
565,Food & Drink,How to Discover Local Cuisine When Traveling
566,Food & Drink,The Future of Food Sustainability Initiatives
567,Food & Drink,How to Create a Seasonal Menu at Home
568,Food & Drink,The Art of Food Plating and Presentation
569,Food & Drink,How Culinary Traditions Shape Regional Identities
570,Food & Drink,The Role of Technology in Food Production
571,Personal Finance,How to Develop a Long-Term Financial Plan
572,Personal Finance,The Basics of Budgeting for Young Professionals
573,Personal Finance,How to Protect Your Finances in Uncertain Times
574,Personal Finance,The Role of Investments in Building Wealth
575,Personal Finance,How to Start Investing with Minimal Risk
576,Personal Finance,Strategies for Balancing Income and Expenses
577,Personal Finance,The Benefits of Using Financial Planning Tools
578,Personal Finance,How to Save Money on Big Purchases
579,Personal Finance,The Importance of Retirement Planning Early On
580,Personal Finance,How to Navigate Economic Uncertainty Successfully
581,Parenting,How to Encourage Curiosity in Young Children
582,Parenting,The Role of Storytelling in Child Development
583,Parenting,How to Create a Structured Home Environment for Kids
584,Parenting,The Importance of Teaching Empathy to Children
585,Parenting,How to Balance Discipline and Encouragement at Home
586,Parenting,The Impact of Extracurricular Activities on Children
587,Parenting,How to Navigate Parenting Challenges in the Digital Age
588,Parenting,The Role of Outdoor Play in Cognitive Development
589,Parenting,How to Create a Family Routine That Works
590,Parenting,The Benefits of Co-Parenting Strategies
591,Travel,How to Experience Rural Life When Traveling Abroad
592,Travel,The Best Destinations for Culinary Tourism
593,Travel,How to Plan a Spiritual Retreat Vacation
594,Travel,The Future of Sustainable Adventure Travel
595,Travel,How to Navigate International Travel Regulations
596,Travel,The Role of Local Guides in Authentic Travel Experiences
597,Travel,How to Travel as a Digital Nomad
598,Travel,The Best Budget Destinations for Solo Travelers
599,Travel,How to Use Technology to Enhance Your Travel Experience
600,Travel,The Impact of Globalization on Travel Trends
601,Entertainment,How to Launch a Successful YouTube Channel
602,Entertainment,The Impact of Virtual Reality on Movie Experiences
603,Entertainment,How to Write a Compelling TV Series Pilot
604,Entertainment,The Role of Podcasts in Modern Storytelling
605,Entertainment,How to Create Engaging Content for Social Media
606,Entertainment,The Future of Digital Art in Entertainment
607,Entertainment,How to Build a Fanbase for Your Creative Work
608,Entertainment,The Evolution of Music Distribution in the Digital Age
609,Entertainment,How Interactive Media is Changing Storytelling
610,Entertainment,The Role of Nostalgia in Popular Culture
611,Lifestyle,How to Create a Personalized Self-Care Routine
612,Lifestyle,The Impact of Travel on Personal Growth
613,Lifestyle,How to Redesign Your Daily Routine for Success
614,Lifestyle,The Benefits of Integrating Fitness Into Your Lifestyle
615,Lifestyle,How to Embrace a More Minimalist Lifestyle
616,Lifestyle,The Role of Hobbies in a Fulfilling Life
617,Lifestyle,How to Develop a Signature Personal Aesthetic
618,Lifestyle,The Future of Smart Home Living
619,Lifestyle,How to Build a Productive Work-from-Home Environment
620,Lifestyle,The Impact of Music on Daily Productivity
621,Environment,How to Advocate for Zero-Emission Transportation
622,Environment,The Future of Eco-Friendly Building Materials
623,Environment,How to Live Off the Grid in a Modern World
624,Environment,The Role of Public Policy in Environmental Conservation
625,Environment,How to Develop a Sustainable Lifestyle in Urban Areas
626,Environment,The Impact of Renewable Energy on Local Communities
627,Environment,How to Reduce Food Waste at Home
628,Environment,Innovative Water Conservation Methods for Cities
629,Environment,How to Encourage Eco-Friendly Consumer Habits
630,Environment,The Future of Green Technology in Everyday Life
631,History,How the Medieval Period Influenced Modern Culture
632,History,The Impact of Maritime Exploration on Global Trade
633,History,How Ancient Philosophies Shape Modern Thought
634,History,The Role of Literature in Preserving History
635,History,How Historical Artifacts Reveal Past Civilizations
636,History,The Evolution of Warfare Through the Ages
637,History,How Revolutionary Movements Change Nations
638,History,The Influence of Ancient Architecture on Modern Design
639,History,How Historical Documentaries Shape Public Memory
640,History,The Impact of Historical Speeches on Society
641,Sports,How Technology is Changing Sports Officiating
642,Sports,The Role of Team Dynamics in Winning Championships
643,Sports,How Sports Sponsorship Impacts Local Communities
644,Sports,The Future of High-Performance Training in Sports
645,Sports,How Youth Sports Programs Shape Future Athletes
646,Sports,The Impact of Global Sports Events on Culture
647,Sports,How Sports Analytics Are Driving Strategic Decisions
648,Sports,The Role of Mental Toughness in Competitive Sports
649,Sports,How Fan Culture Evolves in the Digital Age
650,Sports,The Future of Sports Broadcasting Technologies
651,Food & Drink,How to Create a Fusion Cuisine at Home
652,Food & Drink,The History of Regional Culinary Traditions
653,Food & Drink,How to Pair Exotic Foods with Local Wines
654,Food & Drink,The Role of Food in Building Community
655,Food & Drink,How to Start a Gourmet Food Blog
656,Food & Drink,The Future of Plant-Based Culinary Trends
657,Food & Drink,How to Recreate Restaurant Dishes at Home
658,Food & Drink,The Impact of Global Trade on Food Culture
659,Food & Drink,How Seasonal Ingredients Influence Menus
660,Food & Drink,The Art of Crafting Signature Cocktails
661,Personal Finance,How to Build a Diversified Investment Portfolio
662,Personal Finance,The Impact of Economic Trends on Personal Finance
663,Personal Finance,How to Save Money with Smart Shopping Strategies
664,Personal Finance,The Role of Side Hustles in Financial Security
665,Personal Finance,How to Manage Your Finances During a Crisis
666,Personal Finance,The Basics of Building an Emergency Savings Fund
667,Personal Finance,How to Use Financial Tools for Budget Tracking
668,Personal Finance,The Impact of Interest Rates on Savings
669,Personal Finance,How to Develop a Long-Term Wealth Strategy
670,Personal Finance,The Future of Digital Banking and Finance
671,Parenting,How to Nurture Creativity in Your Child
672,Parenting,The Importance of Routine in Child Development
673,Parenting,How to Encourage Healthy Peer Relationships in Kids
674,Parenting,The Role of Arts and Crafts in Early Education
675,Parenting,How to Build Confidence in Shy Children
676,Parenting,The Impact of Positive Reinforcement in Parenting
677,Parenting,How to Create Engaging Learning Activities at Home
678,Parenting,The Benefits of Outdoor Exploration for Kids
679,Parenting,How to Address Bullying in School Settings
680,Parenting,The Role of Parental Involvement in Academic Success
681,Travel,How to Experience Local Festivals on a Budget
682,Travel,The Ultimate Guide to Eco-Friendly Travel
683,Travel,How to Create a Travel Budget That Works
684,Travel,The Future of Adventure Tourism in Remote Areas
685,Travel,How to Travel Internationally with Minimal Hassle
686,Travel,The Role of Travel Influencers in Shaping Trends
687,Travel,How to Maximize Rewards on Travel Credit Cards
688,Travel,The Best Destinations for Cultural Immersion
689,Travel,How to Overcome Language Barriers When Traveling
690,Travel,The Impact of Technology on Modern Exploration
691,Entertainment,How to Curate a Home Theater Experience
692,Entertainment,The Evolution of Digital Animation Techniques
693,Entertainment,How to Create a Fan-Focused Online Community
694,Entertainment,The Role of Remakes in Modern Cinema
695,Entertainment,How to Organize a Virtual Concert or Event
696,Entertainment,The Future of Interactive Entertainment Platforms
697,Entertainment,How to Leverage Social Media for Movie Promotions
698,Entertainment,The Impact of International Co-Productions in Film
699,Entertainment,How to Start a Successful Online Comedy Show
700,Entertainment,The Evolution of Storytelling in the Digital Age
701,Lifestyle,How to Incorporate Mindfulness into Your Daily Routine
702,Lifestyle,The Benefits of Regular Digital Detox Breaks
703,Lifestyle,How to Redesign Your Life for More Creativity
704,Lifestyle,The Role of Community in a Fulfilling Lifestyle
705,Lifestyle,How to Build a Home Office That Inspires Productivity
706,Lifestyle,The Impact of Music and Art on Daily Living
707,Lifestyle,How to Create a Personalized Fitness Routine at Home
708,Lifestyle,The Future of Work-Life Integration Strategies
709,Lifestyle,How to Balance a Busy Schedule with Personal Time
710,Lifestyle,The Benefits of Slow Living in a Fast-Paced World
711,Environment,How to Create a Green Home: Tips and Tricks
712,Environment,Innovative Ways to Conserve Energy in Your Home
713,Environment,How to Advocate for Environmental Change Locally
714,Environment,The Role of Sustainable Materials in Modern Construction
715,Environment,How to Turn Your Community into a Recycling Hub
716,Environment,The Future of Electric and Hybrid Vehicles
717,Environment,How to Make Eco-Friendly Choices in Daily Life
718,Environment,The Impact of Urban Green Spaces on Mental Health
719,Environment,How to Get Involved in Local Environmental Causes
720,Environment,Innovative Startups Revolutionizing Sustainability
721,History,How the Renaissance Changed European Society
722,History,The Impact of Ancient Empires on Modern Borders
723,History,How the Discovery of America Changed the World
724,History,The Role of Industrialization in Shaping Societies
725,History,How Historical Figures Continue to Inspire Today
726,History,The Evolution of Political Thought Through History
727,History,How War and Peace Have Shaped Nations
728,History,The Influence of Historical Artifacts on Modern Culture
729,History,How Oral Traditions Preserve Cultural Heritage
730,History,The Role of Historical Research in Modern Education
731,Sports,How Virtual Reality is Changing Sports Training
732,Sports,The Role of Sports in Promoting Community Health
733,Sports,How Technology is Enhancing Fan Engagement in Sports
734,Sports,The Future of Sports Analytics in Competitive Leagues
735,Sports,How Grassroots Sports Programs Develop Future Champions
736,Sports,The Impact of Global Tournaments on National Pride
737,Sports,How Sports Science is Advancing Athletic Performance
738,Sports,The Evolution of Youth Sports Programs Worldwide
739,Sports,How to Leverage Social Media for Sports Promotion
740,Sports,The Role of Adaptive Sports in Promoting Inclusivity
741,Food & Drink,How to Create Unique International Fusion Dishes
742,Food & Drink,The Rise of Artisanal Food Movements
743,Food & Drink,How to Build a Sustainable Food Business
744,Food & Drink,The Impact of Globalization on Culinary Trends
745,Food & Drink,How to Host a Themed Dinner Party Successfully
746,Food & Drink,The Role of Social Media in Food Photography
747,Food & Drink,How to Create Mouthwatering Vegan Recipes
748,Food & Drink,The Future of Sustainable Food Packaging
749,Food & Drink,How to Explore Local Farmers’ Markets for Fresh Produce
750,Food & Drink,The Art of Creating Instagram-Worthy Meals
751,Personal Finance,How to Set Up a Long-Term Investment Strategy
752,Personal Finance,The Benefits of Passive Income Streams
753,Personal Finance,How to Plan Your Finances for Major Life Changes
754,Personal Finance,The Role of Financial Education in Building Wealth
755,Personal Finance,How to Prepare Financially for Economic Downturns
756,Personal Finance,The Impact of Digital Currency on Traditional Finance
757,Personal Finance,How to Optimize Your Monthly Budget
758,Personal Finance,The Future of Personal Finance Apps
759,Personal Finance,How to Make Smart Financial Decisions Daily
760,Personal Finance,The Importance of Financial Goal Setting
761,Parenting,How to Encourage Lifelong Learning in Children
762,Parenting,The Role of Parents in Shaping Positive Habits
763,Parenting,How to Create a Family Environment That Fosters Creativity
764,Parenting,The Impact of Involvement in School Activities on Kids
765,Parenting,How to Cultivate Responsibility in Children
766,Parenting,The Benefits of Outdoor Family Activities
767,Parenting,How to Build Trust Between Parents and Children
768,Parenting,The Role of Open Communication in Parenting
769,Parenting,How to Help Your Child Develop Social Skills
770,Parenting,The Impact of Parental Involvement on Academic Success
771,Travel,How to Experience Luxury Travel on a Budget
772,Travel,The Best Destinations for Nature Lovers
773,Travel,How to Plan a Cross-Cultural Journey
774,Travel,The Future of Sustainable Luxury Travel
775,Travel,How to Explore Remote Regions Safely
776,Travel,The Role of Social Media in Travel Inspiration
777,Travel,How to Document Your Travel Journey Creatively
778,Travel,The Impact of Global Events on Travel Destinations
779,Travel,How to Choose the Perfect Travel Gear
780,Travel,The Benefits of Traveling Off the Beaten Path
781,Entertainment,How to Build a Career in Digital Content Creation
782,Entertainment,The Future of Immersive Digital Storytelling
783,Entertainment,How to Create Engaging Live Stream Content
784,Entertainment,The Role of Virtual Influencers in Marketing
785,Entertainment,How to Leverage Fan Feedback in Creative Projects
786,Entertainment,The Impact of Global Cinema on Local Cultures
787,Entertainment,How to Produce a Viral Online Series
788,Entertainment,The Future of Interactive Entertainment Experiences
789,Entertainment,How to Break into the Music Industry Digitally
790,Entertainment,The Role of Fan Communities in Shaping Entertainment
791,Lifestyle,How to Build a Holistic Daily Routine for Well-Being
792,Lifestyle,The Benefits of Integrating Fitness Into Your Routine
793,Lifestyle,How to Create a Sustainable Home Environment
794,Lifestyle,The Future of Urban Living and Smart Homes
795,Lifestyle,How to Balance Digital Life With Real-World Connections
796,Lifestyle,The Art of Curating a Personal Lifestyle Brand
797,Lifestyle,How to Redesign Your Routine for Maximum Productivity
798,Lifestyle,The Impact of Nature on Daily Living
799,Lifestyle,How to Develop a Consistent Self-Care Practice
800,Lifestyle,The Future of Work, Wellness, and Lifestyle Integration
801,Environment,How to Promote Energy Efficiency in Urban Areas
802,Environment,The Role of Community Gardens in City Sustainability
803,Environment,How to Encourage Recycling in Your Neighborhood
804,Environment,The Future of Urban Transportation and Sustainability
805,Environment,How to Advocate for Green Energy Policies
806,Environment,Innovative Methods to Reduce Urban Waste
807,Environment,How to Make Your Home More Energy Efficient
808,Environment,The Impact of Climate Change on Local Communities
809,Environment,How to Support Local Environmental Initiatives
810,Environment,The Future of Sustainable Urban Development
811,History,How Ancient Civilizations Influenced Modern Governance
812,History,The Impact of Historical Trade on Global Cultures
813,History,How Revolutionary Ideas Shaped Modern Society
814,History,The Role of Historical Monuments in National Identity
815,History,How Conflicts Have Redefined National Borders
816,History,The Influence of Early Philosophies on Modern Thought
817,History,How Historical Events Inspire Modern Art and Literature
818,History,The Role of Oral Traditions in Preserving History
819,History,How Political Revolutions Change Societies
820,History,The Future of Historical Preservation in the Digital Age
821,Sports,How Wearable Tech is Revolutionizing Athlete Training
822,Sports,The Impact of Global Sports Leagues on Local Communities
823,Sports,How Sports Sponsorships Influence Youth Participation
824,Sports,The Future of Biometric Analysis in Sports Performance
825,Sports,How Social Media is Shaping Modern Fan Culture
826,Sports,The Role of Adaptive Technologies in Sports Training
827,Sports,How Sports Psychology Impacts Team Dynamics
828,Sports,The Evolution of Sports Marketing in a Digital World
829,Sports,How Data-Driven Strategies Are Changing Sports Coaching
830,Sports,The Future of Global Sports Events
831,Food & Drink,How to Reinvent Traditional Recipes for Modern Palates
832,Food & Drink,The Impact of Globalization on Local Food Cultures
833,Food & Drink,How to Start a Food Subscription Service
834,Food & Drink,The Future of Culinary Innovation and Technology
835,Food & Drink,How to Create a Memorable Food Festival Experience
836,Food & Drink,The Role of Social Media in Shaping Food Trends
837,Food & Drink,How to Develop a Signature Dish for Your Restaurant
838,Food & Drink,The Future of Organic and Locally Sourced Food
839,Food & Drink,How to Use Technology to Enhance Culinary Creativity
840,Food & Drink,The Impact of Celebrity Chefs on Food Culture
841,Personal Finance,How to Use Robo-Advisors for Investment Management
842,Personal Finance,The Future of Fintech in Personal Finance
843,Personal Finance,How to Create Multiple Streams of Income
844,Personal Finance,The Role of Budgeting in Achieving Financial Freedom
845,Personal Finance,How to Navigate the World of Digital Payments
846,Personal Finance,Strategies for Saving Money During Economic Uncertainty
847,Personal Finance,How to Invest in Stocks for Long-Term Growth
848,Personal Finance,The Impact of Technology on Personal Finance Management
849,Personal Finance,How to Balance Risk and Reward in Investments
850,Personal Finance,The Future of Cryptocurrency in Everyday Finance
851,Parenting,How to Foster Independence in Your Child
852,Parenting,The Role of Outdoor Activities in Child Development
853,Parenting,How to Encourage Academic Curiosity in Kids
854,Parenting,The Benefits of Family Game Nights
855,Parenting,How to Teach Children the Value of Money
856,Parenting,The Impact of Positive Role Models on Kids
857,Parenting,How to Nurture Emotional Intelligence in Children
858,Parenting,The Role of Creative Play in Cognitive Growth
859,Parenting,How to Set Up an Educational Environment at Home
860,Parenting,The Benefits of Regular Family Meetings
861,Travel,How to Travel the World With Minimal Luggage
862,Travel,The Ultimate Guide to Planning a Digital Nomad Lifestyle
863,Travel,How to Experience Authentic Local Cultures Abroad
864,Travel,The Future of Travel: Virtual and Augmented Reality
865,Travel,How to Create a Travel Budget That Lasts
866,Travel,The Role of Sustainable Tourism in Preserving Heritage
867,Travel,How to Navigate International Travel Restrictions
868,Travel,The Best Travel Hacks for Frequent Flyers
869,Travel,How to Choose the Perfect Destination for Your Next Trip
870,Travel,The Impact of Technology on Travel Planning
871,Entertainment,How to Produce a High-Quality Web Series on a Budget
872,Entertainment,The Role of Animation in Modern Storytelling
873,Entertainment,How to Leverage Crowdfunding for Creative Projects
874,Entertainment,The Future of Virtual Reality in Interactive Media
875,Entertainment,How to Build a Personal Brand in the Entertainment Industry
876,Entertainment,The Impact of Global Streaming Services on TV Shows
877,Entertainment,How to Launch a Successful Online Music Platform
878,Entertainment,The Role of Social Media in Shaping Pop Culture
879,Entertainment,How to Create a Compelling Documentary Series
880,Entertainment,The Future of Immersive Theatrical Experiences
881,Lifestyle,How to Cultivate a Daily Gratitude Practice
882,Lifestyle,The Benefits of a Regular Digital Detox
883,Lifestyle,How to Create a Functional and Stylish Home Office
884,Lifestyle,The Future of Lifestyle Design in a Digital World
885,Lifestyle,How to Integrate Wellness Practices Into Your Daily Routine
886,Lifestyle,The Impact of Minimalism on Personal Happiness
887,Lifestyle,How to Build a Creative and Inspiring Living Space
888,Lifestyle,The Role of Hobbies in Achieving Work-Life Balance
889,Lifestyle,How to Develop a Sustainable Daily Routine
890,Lifestyle,The Future of Personal Productivity Tools
891,Environment,How to Implement Sustainable Practices in Your Community
892,Environment,The Impact of Renewable Energy on Urban Living
893,Environment,How to Create a Home Composting System
894,Environment,Innovative Ways to Reduce Your Carbon Footprint
895,Environment,How to Advocate for Local Environmental Policies
896,Environment,The Future of Eco-Conscious Consumerism
897,Environment,How to Build a Personal Sustainability Plan
898,Environment,The Role of Technology in Reducing Waste
899,Environment,How to Live More Sustainably in a Modern World
900,Environment,The Impact of Climate Change on Urban Planning
901,History,How the Age of Exploration Changed Global Dynamics
902,History,The Role of Mythology in Ancient Cultures
903,History,How Historical Narratives Influence Modern Politics
904,History,The Impact of the Enlightenment on Modern Thought
905,History,How Revolutionary Innovations Shaped Society
906,History,The Role of Trade in the Growth of Civilizations
907,History,How Ancient Wars Influenced Modern Borders
908,History,The Influence of Historical Literature on Modern Culture
909,History,How Archaeological Discoveries Rewrite History
910,History,The Future of Digital Archiving in Historical Research
911,Sports,How Sports Training Has Evolved in the Digital Era
912,Sports,The Impact of Global Sports Events on International Relations
913,Sports,How Social Media Shapes Athlete Endorsements
914,Sports,The Future of Virtual Reality in Sports Entertainment
915,Sports,How Data Analytics is Driving Sports Performance
916,Sports,The Role of Nutrition in Modern Sports Training
917,Sports,How Adaptive Sports are Empowering Athletes
918,Sports,The Impact of Fan Engagement on Sports Marketing
919,Sports,How Youth Sports Programs Are Evolving Worldwide
920,Sports,The Future of Sports Sponsorship in a Digital Age
921,Food & Drink,How to Reinvent Classic Recipes for Modern Tastes
922,Food & Drink,The Role of Technology in Modern Cooking Techniques
923,Food & Drink,How to Start a Successful Gourmet Food Truck
924,Food & Drink,The Future of Food Innovation in Urban Areas
925,Food & Drink,How to Create a Seasonal Menu for a Food Business
926,Food & Drink,The Impact of Global Flavors on Local Cuisines
927,Food & Drink,How to Build a Successful Culinary Brand
928,Food & Drink,The Future of Sustainable Food Packaging Innovations
929,Food & Drink,How to Create a Fusion Menu That Excites Diners
930,Food & Drink,The Role of Social Media in Shaping Food Trends
931,Personal Finance,How to Develop a Holistic Financial Strategy
932,Personal Finance,The Impact of Market Trends on Personal Investments
933,Personal Finance,How to Use Technology to Manage Your Finances
934,Personal Finance,Strategies for Building Wealth Through Passive Income
935,Personal Finance,How to Navigate the World of Alternative Investments
936,Personal Finance,The Role of Financial Education in Long-Term Success
937,Personal Finance,How to Create a Budget That Adapts to Your Life
938,Personal Finance,The Future of Digital Wallets and Mobile Payments
939,Personal Finance,How to Plan for Financial Independence Early
940,Personal Finance,The Impact of Global Economics on Personal Finance
941,Parenting,How to Foster a Love for Learning in Your Child
942,Parenting,The Role of Parents in Teaching Life Skills
943,Parenting,How to Encourage Healthy Digital Habits in Kids
944,Parenting,The Impact of Creative Play on Child Development
945,Parenting,How to Build a Nurturing and Structured Home Environment
946,Parenting,The Benefits of Parental Involvement in School Activities
947,Parenting,How to Help Your Child Navigate Social Challenges
948,Parenting,The Role of Family Traditions in Child Development
949,Parenting,How to Teach Kids About Diversity and Inclusion
950,Parenting,The Impact of Open Communication on Child Behavior
951,Travel,How to Experience the World Through Culinary Adventures
952,Travel,The Future of Digital Nomad Travel in Remote Regions
953,Travel,How to Plan a Multi-Generational International Trip
954,Travel,The Role of Technology in Enhancing Travel Experiences
955,Travel,How to Travel Safely in a Post-Pandemic World
956,Travel,The Impact of Cultural Festivals on Tourism
957,Travel,How to Choose the Best Travel Insurance for Your Needs
958,Travel,The Future of Sustainable Travel: Trends and Predictions
959,Travel,How to Combine Work and Travel Effectively
960,Travel,The Benefits of Traveling During Off-Peak Seasons
961,Entertainment,How to Build a Career as a Digital Content Creator
962,Entertainment,The Role of Social Media in Shaping Modern Music
963,Entertainment,How to Produce Engaging Short-Form Videos
964,Entertainment,The Future of Collaborative Online Entertainment
965,Entertainment,How to Use Crowdsourcing for Creative Projects
966,Entertainment,The Impact of Global Trends on Local Entertainment
967,Entertainment,How to Launch an Online Streaming Platform Successfully
968,Entertainment,The Role of Virtual Reality in Redefining Live Events
969,Entertainment,How to Create a Multi-Platform Entertainment Brand
970,Entertainment,The Future of Digital Storytelling in a Globalized World
971,Lifestyle,How to Build a Personal Routine for Long-Term Success
972,Lifestyle,The Benefits of Integrating Mindfulness Into Your Workday
973,Lifestyle,How to Redesign Your Life for Maximum Happiness
974,Lifestyle,The Role of Hobbies in Stress Reduction and Creativity
975,Lifestyle,How to Cultivate a Sense of Gratitude Daily
976,Lifestyle,The Future of Personalized Lifestyle and Wellness Trends
977,Lifestyle,How to Create a Home Environment That Boosts Productivity
978,Lifestyle,The Impact of Digital Minimalism on Daily Life
979,Lifestyle,How to Build a Routine That Encourages Creativity
980,Lifestyle,The Role of Nature in Enhancing Personal Well-Being
981,Environment,How to Advocate for Renewable Energy in Your Area
982,Environment,The Future of Sustainable Technology in Daily Life
983,Environment,How to Reduce Your Personal Environmental Impact
984,Environment,Innovative Solutions for Urban Environmental Challenges
985,Environment,How to Create a Local Sustainability Action Plan
986,Environment,The Role of Green Energy in Shaping Modern Cities
987,Environment,How to Engage Your Community in Environmental Causes
988,Environment,The Impact of Global Climate Initiatives on Local Policies
989,Environment,How to Transition to a More Eco-Friendly Lifestyle
990,Environment,The Future of Environmental Conservation Efforts
991,History,How Ancient Trade Routes Shaped Modern Economies
992,History,The Role of Revolutionary Ideas in Changing Nations
993,History,How Historical Conflicts Inform Modern International Relations
994,History,The Impact of Cultural Exchange on Global Development
995,History,How the Digital Age is Transforming Historical Research
996,History,The Role of Archives in Preserving National Heritage
997,History,How Historical Monuments Influence Contemporary Art
998,History,The Future of History in a Digital World
999,History,How the Stories of the Past Inspire Modern Innovation
1000,History,The Role of Oral Histories in Preserving Cultural Memory